{
  "threshold": 0.0,
  "contamination": 0.01,
  "anomaly_percentile": 1,
  "n_estimators": 200,
  "trained_on_nodes": [
    "bottleneck",
    "c1",
    "c2",
    "c3",
    "c4",
    "c5",
    "c6",
    "p1",
    "p2",
    "r1",
    "r2",
    "r3",
    "r4"
  ],
  "n_training_samples": 126423,
  "trained_at": "2026-03-29T10:12:06.080291",
  "score_min": -0.14618068575437348,
  "score_max": 0.2832349060312969,
  "score_mean": 0.18853112639099628,
  "score_std": 0.07337375119248762
}